,learning_rate,gamma,clip_range,ent_coef,n_steps,gae_lambda,randomization distribution,policy,network,tuned method,eval episodes,source-source reward,source-target reward,target-target reward
0,0.001,0.97,0.1,0,1024,0.95,not randomized,MlpPolicy,mlp,grid,50,628.8953584,518.3404523799999,520.0186211600001
1,0.001,0.97,0.1,0,1024,0.96,not randomized,MlpPolicy,mlp,grid,50,594.6364209799999,512.48667444,702.2448171599999
2,0.001,0.97,0.1,0,1024,0.97,not randomized,MlpPolicy,mlp,grid,50,603.8321438999999,570.4912862399999,563.1341685000001
3,0.001,0.97,0.1,0,2048,0.95,not randomized,MlpPolicy,mlp,grid,50,672.88462906,645.15892226,395.97356406
4,0.001,0.97,0.1,0,2048,0.96,not randomized,MlpPolicy,mlp,grid,50,663.22889408,516.2814228,570.0091581
5,0.001,0.97,0.1,0,2048,0.97,not randomized,MlpPolicy,mlp,grid,50,634.6023072200001,610.9188945799999,672.14531844
6,0.001,0.97,0.1,0,4096,0.95,not randomized,MlpPolicy,mlp,grid,50,692.7059638200001,634.5882521,639.9762086200001
7,0.001,0.97,0.1,0,4096,0.96,not randomized,MlpPolicy,mlp,grid,50,619.96566244,544.4598126999999,712.25054856
8,0.001,0.97,0.1,0,4096,0.97,not randomized,MlpPolicy,mlp,grid,50,704.17931234,596.42181078,606.1949244799999
9,0.001,0.97,0.2,0,1024,0.95,not randomized,MlpPolicy,mlp,grid,50,645.36312458,649.4636548599999,542.46935332
10,0.001,0.97,0.2,0,1024,0.96,not randomized,MlpPolicy,mlp,grid,50,628.2785669,545.3170308,564.6559493599999
11,0.001,0.97,0.2,0,1024,0.97,not randomized,MlpPolicy,mlp,grid,50,656.20830212,617.0956758199999,579.66694966
12,0.001,0.97,0.2,0,2048,0.95,not randomized,MlpPolicy,mlp,grid,50,671.2365217,593.8502362400001,650.47137642
13,0.001,0.97,0.2,0,2048,0.96,not randomized,MlpPolicy,mlp,grid,50,623.9558467800001,527.3397460599999,675.4061005
14,0.001,0.97,0.2,0,2048,0.97,not randomized,MlpPolicy,mlp,grid,50,596.98413698,528.2012992800001,621.7926056199999
15,0.001,0.97,0.2,0,4096,0.95,not randomized,MlpPolicy,mlp,grid,50,647.2804066,598.60293092,601.65421188
16,0.001,0.97,0.2,0,4096,0.96,not randomized,MlpPolicy,mlp,grid,50,704.9809104799999,598.30802286,640.2240425
17,0.001,0.97,0.2,0,4096,0.97,not randomized,MlpPolicy,mlp,grid,50,688.52764758,579.70035282,627.90613062
18,0.001,0.97,0.3,0,1024,0.95,not randomized,MlpPolicy,mlp,grid,50,534.8582572,490.03237462000004,519.8571633
19,0.001,0.97,0.3,0,1024,0.96,not randomized,MlpPolicy,mlp,grid,50,568.71928588,796.8500348199999,542.5824646799999
20,0.001,0.97,0.3,0,1024,0.97,not randomized,MlpPolicy,mlp,grid,50,413.85343245999996,524.16015456,586.9480914600001
21,0.001,0.97,0.3,0,2048,0.95,not randomized,MlpPolicy,mlp,grid,50,970.18581922,1086.8652746999999,543.76390246
22,0.001,0.97,0.3,0,2048,0.96,not randomized,MlpPolicy,mlp,grid,50,721.6916458400001,473.2891334200001,991.20528
23,0.001,0.97,0.3,0,2048,0.97,not randomized,MlpPolicy,mlp,grid,50,682.54127868,442.26227306,584.18338498
24,0.001,0.97,0.3,0,4096,0.95,not randomized,MlpPolicy,mlp,grid,50,595.63550844,526.01088156,683.2614390399999
25,0.001,0.97,0.3,0,4096,0.96,not randomized,MlpPolicy,mlp,grid,50,683.44739988,532.49587458,661.2920646
26,0.001,0.97,0.3,0,4096,0.97,not randomized,MlpPolicy,mlp,grid,50,610.44981196,633.3136045,530.18362554
27,0.001,0.98,0.1,0,1024,0.95,not randomized,MlpPolicy,mlp,grid,50,639.93794322,483.94212796,733.03353038
28,0.001,0.98,0.1,0,1024,0.96,not randomized,MlpPolicy,mlp,grid,50,668.14337924,639.0765616799999,1332.2543693
29,0.001,0.98,0.1,0,1024,0.97,not randomized,MlpPolicy,mlp,grid,50,1061.89537488,910.2291870399999,1094.80088966
30,0.001,0.98,0.1,0,2048,0.95,not randomized,MlpPolicy,mlp,grid,50,942.6250828400001,863.76206998,869.4035318999998
31,0.001,0.98,0.1,0,2048,0.96,not randomized,MlpPolicy,mlp,grid,50,732.0426256599999,665.8475958399999,737.3762519600001
32,0.001,0.98,0.1,0,2048,0.97,not randomized,MlpPolicy,mlp,grid,50,744.64139018,580.13629108,947.927178
33,0.001,0.98,0.1,0,4096,0.95,not randomized,MlpPolicy,mlp,grid,50,771.8940717400001,610.0777585600001,957.6389085600001
34,0.001,0.98,0.1,0,4096,0.96,not randomized,MlpPolicy,mlp,grid,50,844.01565032,669.4158723600001,707.13856952
35,0.001,0.98,0.1,0,4096,0.97,not randomized,MlpPolicy,mlp,grid,50,796.10683758,647.78776036,724.5168621400002
36,0.001,0.98,0.2,0,1024,0.95,not randomized,MlpPolicy,mlp,grid,50,710.13703618,527.72954822,714.2569408
37,0.001,0.98,0.2,0,1024,0.96,not randomized,MlpPolicy,mlp,grid,50,675.93458778,735.7017285200001,906.50592014
38,0.001,0.98,0.2,0,1024,0.97,not randomized,MlpPolicy,mlp,grid,50,1056.11905392,760.44249342,704.80695864
39,0.001,0.98,0.2,0,2048,0.95,not randomized,MlpPolicy,mlp,grid,50,797.7348211,690.5805147199999,753.4960955999999
40,0.001,0.98,0.2,0,2048,0.96,not randomized,MlpPolicy,mlp,grid,50,720.2374279800001,575.99978896,820.97751598
41,0.001,0.98,0.2,0,2048,0.97,not randomized,MlpPolicy,mlp,grid,50,687.4421906599999,597.3125730800001,955.6311722
42,0.001,0.98,0.2,0,4096,0.95,not randomized,MlpPolicy,mlp,grid,50,911.6877750400001,667.50790596,830.3098355200001
43,0.001,0.98,0.2,0,4096,0.96,not randomized,MlpPolicy,mlp,grid,50,692.3786466399999,627.41515684,842.38282554
44,0.001,0.98,0.2,0,4096,0.97,not randomized,MlpPolicy,mlp,grid,50,752.8285997400001,627.00007434,792.5510237600001
45,0.001,0.98,0.3,0,1024,0.95,not randomized,MlpPolicy,mlp,grid,50,994.2529002799998,1003.5476133600001,752.434419
46,0.001,0.98,0.3,0,1024,0.96,not randomized,MlpPolicy,mlp,grid,50,643.5889000999999,526.54776268,635.5778085
47,0.001,0.98,0.3,0,1024,0.97,not randomized,MlpPolicy,mlp,grid,50,641.2967507799999,696.73940874,567.35407588
48,0.001,0.98,0.3,0,2048,0.95,not randomized,MlpPolicy,mlp,grid,50,931.9159336600001,703.65471114,718.2178001999999
49,0.001,0.98,0.3,0,2048,0.96,not randomized,MlpPolicy,mlp,grid,50,966.3091448,766.8920788400002,737.7874044999999
50,0.001,0.98,0.3,0,2048,0.97,not randomized,MlpPolicy,mlp,grid,50,928.3040941600001,706.84499266,672.85545306
51,0.001,0.98,0.3,0,4096,0.95,not randomized,MlpPolicy,mlp,grid,50,835.5633947399999,765.731321,1207.4877796
52,0.001,0.98,0.3,0,4096,0.96,not randomized,MlpPolicy,mlp,grid,50,646.73044772,562.78191588,1067.80038292
53,0.001,0.98,0.3,0,4096,0.97,not randomized,MlpPolicy,mlp,grid,50,692.4956963399999,628.9516191399999,1049.2627338000002
54,0.001,0.99,0.1,0,1024,0.95,not randomized,MlpPolicy,mlp,grid,50,1563.25771014,744.23630622,1526.2878575599998
55,0.001,0.99,0.1,0,1024,0.96,not randomized,MlpPolicy,mlp,grid,50,1422.7230200999998,880.43765042,1307.06234944
56,0.001,0.99,0.1,0,1024,0.97,not randomized,MlpPolicy,mlp,grid,50,1499.4594688600002,1038.48258858,1499.1557983999996
57,0.001,0.99,0.1,0,2048,0.95,not randomized,MlpPolicy,mlp,grid,50,1611.31716684,1078.31838906,1706.4658736399995
58,0.001,0.99,0.1,0,2048,0.96,not randomized,MlpPolicy,mlp,grid,50,1607.0857047399998,1215.9958421200001,1626.3799125400003
59,0.001,0.99,0.1,0,2048,0.97,not randomized,MlpPolicy,mlp,grid,50,1665.50886256,1134.21432166,1595.05946964
60,0.001,0.99,0.1,0,4096,0.95,not randomized,MlpPolicy,mlp,grid,50,1616.6265658799998,769.1385799200001,1727.1821277000001
61,0.001,0.99,0.1,0,4096,0.96,not randomized,MlpPolicy,mlp,grid,50,1626.7639921799998,887.3650911999998,1595.9595170799998
62,0.001,0.99,0.1,0,4096,0.97,not randomized,MlpPolicy,mlp,grid,50,1649.48329394,797.6172482599999,1357.6623868000001
63,0.001,0.99,0.2,0,1024,0.95,not randomized,MlpPolicy,mlp,grid,50,1653.53088294,875.29448838,1534.00977776
64,0.001,0.99,0.2,0,1024,0.96,not randomized,MlpPolicy,mlp,grid,50,1527.7232694,805.0759105399999,1470.39226402
65,0.001,0.99,0.2,0,1024,0.97,not randomized,MlpPolicy,mlp,grid,50,1523.1736371,1248.18675812,1364.3111987
66,0.001,0.99,0.2,0,2048,0.95,not randomized,MlpPolicy,mlp,grid,50,1541.6046334399998,1589.7228608799996,1716.0571531199998
67,0.001,0.99,0.2,0,2048,0.96,not randomized,MlpPolicy,mlp,grid,50,1523.59445442,935.2414334599998,1556.95033482
68,0.001,0.99,0.2,0,2048,0.97,not randomized,MlpPolicy,mlp,grid,50,1655.4106387399997,866.5791547599999,1591.1627856599996
69,0.001,0.99,0.2,0,4096,0.95,not randomized,MlpPolicy,mlp,grid,50,1592.2464746200003,833.8097195,1461.95511284
70,0.001,0.99,0.2,0,4096,0.96,not randomized,MlpPolicy,mlp,grid,50,1697.1911029399998,969.8145118599999,1494.0615136599997
71,0.001,0.99,0.2,0,4096,0.97,not randomized,MlpPolicy,mlp,grid,50,1663.1558636200002,1690.15085006,1610.42320846
72,0.001,0.99,0.3,0,1024,0.95,not randomized,MlpPolicy,mlp,grid,50,1319.9135070399998,1427.4142086800002,1339.2116482800002
73,0.001,0.99,0.3,0,1024,0.96,not randomized,MlpPolicy,mlp,grid,50,1374.85154428,1260.6362080000001,1324.42800536
74,0.001,0.99,0.3,0,1024,0.97,not randomized,MlpPolicy,mlp,grid,50,1217.66898764,939.00785664,1246.11051866
75,0.001,0.99,0.3,0,2048,0.95,not randomized,MlpPolicy,mlp,grid,50,1446.2722092600002,891.2220658400001,1514.3164837800002
76,0.001,0.99,0.3,0,2048,0.96,not randomized,MlpPolicy,mlp,grid,50,1543.9189066000001,764.3868391799999,1453.9386216000003
77,0.001,0.99,0.3,0,2048,0.97,not randomized,MlpPolicy,mlp,grid,50,1424.86793724,1026.65555722,1488.3823473800003
78,0.001,0.99,0.3,0,4096,0.95,not randomized,MlpPolicy,mlp,grid,50,1502.46172772,925.1757978000002,1531.1586871199997
79,0.001,0.99,0.3,0,4096,0.96,not randomized,MlpPolicy,mlp,grid,50,1584.0595352,943.1875889399998,1590.8954423
80,0.001,0.99,0.3,0,4096,0.97,not randomized,MlpPolicy,mlp,grid,50,1530.97795912,790.1405229000001,1518.1233898
81,0.001,1.0,0.1,0,1024,0.95,not randomized,MlpPolicy,mlp,grid,50,557.01875742,556.1333917,947.6847324
82,0.001,1.0,0.1,0,1024,0.96,not randomized,MlpPolicy,mlp,grid,50,826.8135115,850.62568778,821.80369962
83,0.001,1.0,0.1,0,1024,0.97,not randomized,MlpPolicy,mlp,grid,50,1206.5261842,1014.4379537600001,1020.06927296
84,0.001,1.0,0.1,0,2048,0.95,not randomized,MlpPolicy,mlp,grid,50,815.8436241600002,836.4262439600002,930.8927434799999
85,0.001,1.0,0.1,0,2048,0.96,not randomized,MlpPolicy,mlp,grid,50,914.3313297999998,978.6743769799999,548.69591478
86,0.001,1.0,0.1,0,2048,0.97,not randomized,MlpPolicy,mlp,grid,50,531.6094830000001,532.03561838,536.8820561199999
87,0.001,1.0,0.1,0,4096,0.95,not randomized,MlpPolicy,mlp,grid,50,741.3346455599999,797.83540042,589.2816398800001
88,0.001,1.0,0.1,0,4096,0.96,not randomized,MlpPolicy,mlp,grid,50,556.2623629799999,528.2064581000001,722.1803128399999
89,0.001,1.0,0.1,0,4096,0.97,not randomized,MlpPolicy,mlp,grid,50,527.11444694,528.8015121200001,606.7441878799999
90,0.001,1.0,0.2,0,1024,0.95,not randomized,MlpPolicy,mlp,grid,50,1300.0266600200002,1325.758475,542.3164229800001
91,0.001,1.0,0.2,0,1024,0.96,not randomized,MlpPolicy,mlp,grid,50,1235.28049828,1277.8828859399998,547.2736313999999
92,0.001,1.0,0.2,0,1024,0.97,not randomized,MlpPolicy,mlp,grid,50,547.10879838,547.8919446799999,914.24685724
93,0.001,1.0,0.2,0,2048,0.95,not randomized,MlpPolicy,mlp,grid,50,1149.31045228,1192.62720656,1113.84552854
94,0.001,1.0,0.2,0,2048,0.96,not randomized,MlpPolicy,mlp,grid,50,987.2191032000001,995.4738128,979.6864524999999
95,0.001,1.0,0.2,0,2048,0.97,not randomized,MlpPolicy,mlp,grid,50,539.4331012000001,540.47089576,456.22519112000003
96,0.001,1.0,0.2,0,4096,0.95,not randomized,MlpPolicy,mlp,grid,50,1023.83999604,1092.8419188,1305.58910618
97,0.001,1.0,0.2,0,4096,0.96,not randomized,MlpPolicy,mlp,grid,50,639.98654034,657.2782717800001,739.5584072
98,0.001,1.0,0.2,0,4096,0.97,not randomized,MlpPolicy,mlp,grid,50,557.85775796,586.73591616,576.7920023400001
99,0.001,1.0,0.3,0,1024,0.95,not randomized,MlpPolicy,mlp,grid,50,678.89514014,714.0718924600001,599.353659
100,0.001,1.0,0.3,0,1024,0.96,not randomized,MlpPolicy,mlp,grid,50,561.28787528,561.74841312,1201.6439978
101,0.001,1.0,0.3,0,1024,0.97,not randomized,MlpPolicy,mlp,grid,50,1077.5173312000002,1180.7079562000001,985.8414007200001
102,0.001,1.0,0.3,0,2048,0.95,not randomized,MlpPolicy,mlp,grid,50,1309.32205948,1102.59618478,1353.70884514
103,0.001,1.0,0.3,0,2048,0.96,not randomized,MlpPolicy,mlp,grid,50,1069.10902016,1128.5224096,993.1076846399999
104,0.001,1.0,0.3,0,2048,0.97,not randomized,MlpPolicy,mlp,grid,50,1033.1290375199999,1085.37575416,546.24211544
105,0.001,1.0,0.3,0,4096,0.95,not randomized,MlpPolicy,mlp,grid,50,843.6501058,874.32378546,1338.4094306
106,0.001,1.0,0.3,0,4096,0.96,not randomized,MlpPolicy,mlp,grid,50,1452.63269364,1163.01152666,546.2725596600001
107,0.001,1.0,0.3,0,4096,0.97,not randomized,MlpPolicy,mlp,grid,50,544.55595738,548.63556986,533.18476844
108,0.0001,0.97,0.1,0,1024,0.95,not randomized,MlpPolicy,mlp,grid,50,616.3329169200001,584.96803428,569.26461998
109,0.0001,0.97,0.1,0,1024,0.96,not randomized,MlpPolicy,mlp,grid,50,596.4171794399999,576.6766959600001,559.6945739399999
110,0.0001,0.97,0.1,0,1024,0.97,not randomized,MlpPolicy,mlp,grid,50,593.0604390000001,575.5175961600002,547.6905905599999
111,0.0001,0.97,0.1,0,2048,0.95,not randomized,MlpPolicy,mlp,grid,50,518.7714191,524.0069285799999,548.08080498
112,0.0001,0.97,0.1,0,2048,0.96,not randomized,MlpPolicy,mlp,grid,50,575.27070246,473.31252036000006,535.5937808799999
113,0.0001,0.97,0.1,0,2048,0.97,not randomized,MlpPolicy,mlp,grid,50,548.77727946,535.8014577,552.69364224
114,0.0001,0.97,0.1,0,4096,0.95,not randomized,MlpPolicy,mlp,grid,50,474.56211348,514.48307544,521.69502834
115,0.0001,0.97,0.1,0,4096,0.96,not randomized,MlpPolicy,mlp,grid,50,466.19311237999995,393.5498883,491.33705151999993
116,0.0001,0.97,0.1,0,4096,0.97,not randomized,MlpPolicy,mlp,grid,50,606.56116458,391.25161177999996,469.56001643999997
117,0.0001,0.97,0.2,0,1024,0.95,not randomized,MlpPolicy,mlp,grid,50,1094.56503576,1103.6830708200002,559.6261154599999
118,0.0001,0.97,0.2,0,1024,0.96,not randomized,MlpPolicy,mlp,grid,50,609.99319282,610.64283794,558.80545722
119,0.0001,0.97,0.2,0,1024,0.97,not randomized,MlpPolicy,mlp,grid,50,766.5170938199999,622.96623372,531.2244578
120,0.0001,0.97,0.2,0,2048,0.95,not randomized,MlpPolicy,mlp,grid,50,708.6150951200002,687.6476186200001,535.95945024
121,0.0001,0.97,0.2,0,2048,0.96,not randomized,MlpPolicy,mlp,grid,50,766.68168252,758.6723986999999,572.49468472
122,0.0001,0.97,0.2,0,2048,0.97,not randomized,MlpPolicy,mlp,grid,50,595.6052195999999,502.4418546400001,545.2952937599999
123,0.0001,0.97,0.2,0,4096,0.95,not randomized,MlpPolicy,mlp,grid,50,580.3792602,516.89366682,539.4496992400001
124,0.0001,0.97,0.2,0,4096,0.96,not randomized,MlpPolicy,mlp,grid,50,528.23005954,544.8601876,537.26674666
125,0.0001,0.97,0.2,0,4096,0.97,not randomized,MlpPolicy,mlp,grid,50,585.1468063,522.5899109,537.37136362
126,0.0001,0.97,0.3,0,1024,0.95,not randomized,MlpPolicy,mlp,grid,50,834.8119402200001,640.77124038,612.53756416
127,0.0001,0.97,0.3,0,1024,0.96,not randomized,MlpPolicy,mlp,grid,50,1213.46880864,1201.58432414,507.82688358
128,0.0001,0.97,0.3,0,1024,0.97,not randomized,MlpPolicy,mlp,grid,50,625.49051386,577.51612744,172.62200222000004
129,0.0001,0.97,0.3,0,2048,0.95,not randomized,MlpPolicy,mlp,grid,50,677.7362274,583.0484231199999,546.79617322
130,0.0001,0.97,0.3,0,2048,0.96,not randomized,MlpPolicy,mlp,grid,50,944.5398689999998,736.70050066,554.7935145600001
131,0.0001,0.97,0.3,0,2048,0.97,not randomized,MlpPolicy,mlp,grid,50,654.1304693,386.20125484,572.2751700000001
132,0.0001,0.97,0.3,0,4096,0.95,not randomized,MlpPolicy,mlp,grid,50,588.52204832,539.06521686,531.39850398
133,0.0001,0.97,0.3,0,4096,0.96,not randomized,MlpPolicy,mlp,grid,50,586.7063127,586.86307756,547.6901999
134,0.0001,0.97,0.3,0,4096,0.97,not randomized,MlpPolicy,mlp,grid,50,646.8448639400001,553.4930556200001,568.14595696
135,0.0001,0.98,0.1,0,1024,0.95,not randomized,MlpPolicy,mlp,grid,50,609.94352498,553.82226042,1084.0518015
136,0.0001,0.98,0.1,0,1024,0.96,not randomized,MlpPolicy,mlp,grid,50,592.8110514399999,495.3027336199999,596.4385073799999
137,0.0001,0.98,0.1,0,1024,0.97,not randomized,MlpPolicy,mlp,grid,50,804.6176554599999,695.3938933000001,597.6401896799999
138,0.0001,0.98,0.1,0,2048,0.95,not randomized,MlpPolicy,mlp,grid,50,667.8245329,618.78406878,709.83266432
139,0.0001,0.98,0.1,0,2048,0.96,not randomized,MlpPolicy,mlp,grid,50,615.67803082,581.02322312,628.4838553400001
140,0.0001,0.98,0.1,0,2048,0.97,not randomized,MlpPolicy,mlp,grid,50,605.71043822,505.50373416,612.1316656600001
141,0.0001,0.98,0.1,0,4096,0.95,not randomized,MlpPolicy,mlp,grid,50,608.9333998,393.98104044,597.8690318399999
142,0.0001,0.98,0.1,0,4096,0.96,not randomized,MlpPolicy,mlp,grid,50,728.0801380799999,698.28663008,677.86456552
143,0.0001,0.98,0.1,0,4096,0.97,not randomized,MlpPolicy,mlp,grid,50,785.09736828,701.2116540000002,642.78712806
144,0.0001,0.98,0.2,0,1024,0.95,not randomized,MlpPolicy,mlp,grid,50,831.7399172600001,944.3391798600002,537.92447636
145,0.0001,0.98,0.2,0,1024,0.96,not randomized,MlpPolicy,mlp,grid,50,1173.3211458199999,1190.33611138,578.8791974799999
146,0.0001,0.98,0.2,0,1024,0.97,not randomized,MlpPolicy,mlp,grid,50,495.13490559999997,380.40912589999994,817.4182365600001
147,0.0001,0.98,0.2,0,2048,0.95,not randomized,MlpPolicy,mlp,grid,50,1275.7786810999999,1023.0237185200001,617.32357506
148,0.0001,0.98,0.2,0,2048,0.96,not randomized,MlpPolicy,mlp,grid,50,715.0485253599999,668.1281892599999,586.73908658
149,0.0001,0.98,0.2,0,2048,0.97,not randomized,MlpPolicy,mlp,grid,50,619.2621183599999,685.1565166,578.9638794
150,0.0001,0.98,0.2,0,4096,0.95,not randomized,MlpPolicy,mlp,grid,50,591.87246056,520.61105674,592.2115384399999
151,0.0001,0.98,0.2,0,4096,0.96,not randomized,MlpPolicy,mlp,grid,50,542.93093042,441.31929626,602.60832052
152,0.0001,0.98,0.2,0,4096,0.97,not randomized,MlpPolicy,mlp,grid,50,626.56892884,411.12336788,685.53929614
153,0.0001,0.98,0.3,0,1024,0.95,not randomized,MlpPolicy,mlp,grid,50,614.29208912,816.5503508000002,540.63732412
154,0.0001,0.98,0.3,0,1024,0.96,not randomized,MlpPolicy,mlp,grid,50,484.40729316,613.8623103799999,645.49981024
155,0.0001,0.98,0.3,0,1024,0.97,not randomized,MlpPolicy,mlp,grid,50,787.0288935799998,676.1543790199999,507.5719146200001
156,0.0001,0.98,0.3,0,2048,0.95,not randomized,MlpPolicy,mlp,grid,50,984.34949788,923.7652698800001,544.43048798
157,0.0001,0.98,0.3,0,2048,0.96,not randomized,MlpPolicy,mlp,grid,50,1142.11906904,758.48588118,580.0570969
158,0.0001,0.98,0.3,0,2048,0.97,not randomized,MlpPolicy,mlp,grid,50,622.7467693,608.2629354600001,610.97136228
159,0.0001,0.98,0.3,0,4096,0.95,not randomized,MlpPolicy,mlp,grid,50,1320.72094754,1360.3170448600001,631.2241394
160,0.0001,0.98,0.3,0,4096,0.96,not randomized,MlpPolicy,mlp,grid,50,750.6654101,829.26048078,588.87201902
161,0.0001,0.98,0.3,0,4096,0.97,not randomized,MlpPolicy,mlp,grid,50,665.1816701,672.0576171600001,595.3277938000001
162,0.0001,0.99,0.1,0,1024,0.95,not randomized,MlpPolicy,mlp,grid,50,473.3842886,520.28947294,592.8978788
163,0.0001,0.99,0.1,0,1024,0.96,not randomized,MlpPolicy,mlp,grid,50,1163.70204896,1180.0597073,852.3095143200002
164,0.0001,0.99,0.1,0,1024,0.97,not randomized,MlpPolicy,mlp,grid,50,1180.0600526800001,1157.8450768,1376.0658903800002
165,0.0001,0.99,0.1,0,2048,0.95,not randomized,MlpPolicy,mlp,grid,50,1091.25777296,1179.14650072,1409.5782406599997
166,0.0001,0.99,0.1,0,2048,0.96,not randomized,MlpPolicy,mlp,grid,50,1495.6533727800002,1375.7452944999998,709.8896973
167,0.0001,0.99,0.1,0,2048,0.97,not randomized,MlpPolicy,mlp,grid,50,1266.2711687,1411.48577394,1324.50971192
168,0.0001,0.99,0.1,0,4096,0.95,not randomized,MlpPolicy,mlp,grid,50,1256.26894446,1267.10873726,825.24269002
169,0.0001,0.99,0.1,0,4096,0.96,not randomized,MlpPolicy,mlp,grid,50,1380.9835383200002,1104.1977192799998,1504.8695152200003
170,0.0001,0.99,0.1,0,4096,0.97,not randomized,MlpPolicy,mlp,grid,50,1343.66030168,1405.8947966,1225.81694436
171,0.0001,0.99,0.2,0,1024,0.95,not randomized,MlpPolicy,mlp,grid,50,1060.18366596,1031.9353064,1253.1662197199998
172,0.0001,0.99,0.2,0,1024,0.96,not randomized,MlpPolicy,mlp,grid,50,575.5091535799999,473.15122914,1258.8093323
173,0.0001,0.99,0.2,0,1024,0.97,not randomized,MlpPolicy,mlp,grid,50,663.9623918000001,741.4389149800002,1173.6533129
174,0.0001,0.99,0.2,0,2048,0.95,not randomized,MlpPolicy,mlp,grid,50,174.03966884000002,183.69338786,1344.7135220800003
175,0.0001,0.99,0.2,0,2048,0.96,not randomized,MlpPolicy,mlp,grid,50,1069.24349274,996.13555582,1187.94686484
176,0.0001,0.99,0.2,0,2048,0.97,not randomized,MlpPolicy,mlp,grid,50,850.7230007199998,741.95993652,922.54213238
177,0.0001,0.99,0.2,0,4096,0.95,not randomized,MlpPolicy,mlp,grid,50,1268.846844,1388.49083576,1302.29002384
178,0.0001,0.99,0.2,0,4096,0.96,not randomized,MlpPolicy,mlp,grid,50,1304.37842764,1272.5274031400002,579.38661178
179,0.0001,0.99,0.2,0,4096,0.97,not randomized,MlpPolicy,mlp,grid,50,1324.9156081200001,1520.6937525199996,1332.69169322
180,0.0001,0.99,0.3,0,1024,0.95,not randomized,MlpPolicy,mlp,grid,50,976.68168374,1040.91108768,1226.5246315200002
181,0.0001,0.99,0.3,0,1024,0.96,not randomized,MlpPolicy,mlp,grid,50,582.25222464,643.6181514599999,473.11102006
182,0.0001,0.99,0.3,0,1024,0.97,not randomized,MlpPolicy,mlp,grid,50,484.0948038199999,481.92322072,427.62067146000004
183,0.0001,0.99,0.3,0,2048,0.95,not randomized,MlpPolicy,mlp,grid,50,1179.7464127199999,1221.33481004,1236.73231964
184,0.0001,0.99,0.3,0,2048,0.96,not randomized,MlpPolicy,mlp,grid,50,1268.08354744,1338.5061605199996,508.23337712
185,0.0001,0.99,0.3,0,2048,0.97,not randomized,MlpPolicy,mlp,grid,50,1451.56670278,1316.45105392,706.0019113799999
186,0.0001,0.99,0.3,0,4096,0.95,not randomized,MlpPolicy,mlp,grid,50,793.0138360400001,1219.8519800000001,1342.18766474
187,0.0001,0.99,0.3,0,4096,0.96,not randomized,MlpPolicy,mlp,grid,50,1079.4493637599999,682.41835326,1247.4873585399998
188,0.0001,0.99,0.3,0,4096,0.97,not randomized,MlpPolicy,mlp,grid,50,1628.5248165799997,1603.1845453600001,1331.82314552
189,0.0001,1.0,0.1,0,1024,0.95,not randomized,MlpPolicy,mlp,grid,50,557.0823620399999,563.66930646,804.51708502
190,0.0001,1.0,0.1,0,1024,0.96,not randomized,MlpPolicy,mlp,grid,50,571.44506122,518.5277975199999,511.43423200000007
191,0.0001,1.0,0.1,0,1024,0.97,not randomized,MlpPolicy,mlp,grid,50,1064.84061806,1084.8669879000001,1059.35158924
192,0.0001,1.0,0.1,0,2048,0.95,not randomized,MlpPolicy,mlp,grid,50,1065.95179866,1061.28753,831.1102958600001
193,0.0001,1.0,0.1,0,2048,0.96,not randomized,MlpPolicy,mlp,grid,50,1092.5225754399999,461.01300069999996,1004.1494701999999
194,0.0001,1.0,0.1,0,2048,0.97,not randomized,MlpPolicy,mlp,grid,50,849.4828654600001,950.0462106,1100.6367563
195,0.0001,1.0,0.1,0,4096,0.95,not randomized,MlpPolicy,mlp,grid,50,1257.9328967,1198.0459532200002,1105.9879096999998
196,0.0001,1.0,0.1,0,4096,0.96,not randomized,MlpPolicy,mlp,grid,50,1069.5941167400001,841.8839352200001,1064.31906394
197,0.0001,1.0,0.1,0,4096,0.97,not randomized,MlpPolicy,mlp,grid,50,1369.1615746599998,1256.47722956,888.1507207399998
198,0.0001,1.0,0.2,0,1024,0.95,not randomized,MlpPolicy,mlp,grid,50,557.2478373,757.2997978000001,839.7876593200001
199,0.0001,1.0,0.2,0,1024,0.96,not randomized,MlpPolicy,mlp,grid,50,714.2334982199999,742.17750466,649.5479691400001
200,0.0001,1.0,0.2,0,1024,0.97,not randomized,MlpPolicy,mlp,grid,50,612.5523225400001,643.46052976,953.3730332399999
201,0.0001,1.0,0.2,0,2048,0.95,not randomized,MlpPolicy,mlp,grid,50,1146.1704205,1094.8514631799999,703.5940951
202,0.0001,1.0,0.2,0,2048,0.96,not randomized,MlpPolicy,mlp,grid,50,1284.2868603399997,1149.6343879400001,1166.56910464
203,0.0001,1.0,0.2,0,2048,0.97,not randomized,MlpPolicy,mlp,grid,50,443.19640920000006,437.6314643399999,858.3704769399999
204,0.0001,1.0,0.2,0,4096,0.95,not randomized,MlpPolicy,mlp,grid,50,632.2673780599999,824.6548650999998,1275.48489196
205,0.0001,1.0,0.2,0,4096,0.96,not randomized,MlpPolicy,mlp,grid,50,1341.5321314999999,1186.7964819,565.11385812
206,0.0001,1.0,0.2,0,4096,0.97,not randomized,MlpPolicy,mlp,grid,50,1216.2062705399999,1161.2232112,1154.0015336
207,0.0001,1.0,0.3,0,1024,0.95,not randomized,MlpPolicy,mlp,grid,50,1151.12293032,377.2335131,555.8907776599999
208,0.0001,1.0,0.3,0,1024,0.96,not randomized,MlpPolicy,mlp,grid,50,965.7155069600001,605.2415620799999,575.40828658
209,0.0001,1.0,0.3,0,1024,0.97,not randomized,MlpPolicy,mlp,grid,50,868.8467191599999,931.1219693999999,676.2258608800001
210,0.0001,1.0,0.3,0,2048,0.95,not randomized,MlpPolicy,mlp,grid,50,427.4512636,496.8798287000001,465.3182703999999
211,0.0001,1.0,0.3,0,2048,0.96,not randomized,MlpPolicy,mlp,grid,50,1058.87070894,948.36872086,514.26436546
212,0.0001,1.0,0.3,0,2048,0.97,not randomized,MlpPolicy,mlp,grid,50,946.7480982000001,937.590699,1109.23699692
213,0.0001,1.0,0.3,0,4096,0.95,not randomized,MlpPolicy,mlp,grid,50,980.7791245799999,932.1545879199999,798.9691347
214,0.0001,1.0,0.3,0,4096,0.96,not randomized,MlpPolicy,mlp,grid,50,1235.6954887800002,707.5039323,1104.29559202
215,0.0001,1.0,0.3,0,4096,0.97,not randomized,MlpPolicy,mlp,grid,50,1172.7636959999998,584.6665257,357.91949854000006
216,1e-05,0.97,0.1,0,1024,0.95,not randomized,MlpPolicy,mlp,grid,50,325.92083822,318.49266762,185.01930286000004
217,1e-05,0.97,0.1,0,1024,0.96,not randomized,MlpPolicy,mlp,grid,50,309.62144565999995,361.76611864,468.6919964599999
218,1e-05,0.97,0.1,0,1024,0.97,not randomized,MlpPolicy,mlp,grid,50,179.64395988000004,183.36264862,342.7820636
219,1e-05,0.97,0.1,0,2048,0.95,not randomized,MlpPolicy,mlp,grid,50,178.84305129999996,183.12600602000003,378.3253426
220,1e-05,0.97,0.1,0,2048,0.96,not randomized,MlpPolicy,mlp,grid,50,176.81040062,179.0454205,575.72721672
221,1e-05,0.97,0.1,0,2048,0.97,not randomized,MlpPolicy,mlp,grid,50,324.8655273,199.75658444000004,194.04369309999998
222,1e-05,0.97,0.1,0,4096,0.95,not randomized,MlpPolicy,mlp,grid,50,320.24510397999995,531.19146022,371.07606201999994
223,1e-05,0.97,0.1,0,4096,0.96,not randomized,MlpPolicy,mlp,grid,50,261.46543884,343.25974396,186.50905265999998
224,1e-05,0.97,0.1,0,4096,0.97,not randomized,MlpPolicy,mlp,grid,50,190.31858474000003,194.72537281999996,310.73280436
225,1e-05,0.97,0.2,0,1024,0.95,not randomized,MlpPolicy,mlp,grid,50,320.04921719999993,364.18317006000007,311.49604286
226,1e-05,0.97,0.2,0,1024,0.96,not randomized,MlpPolicy,mlp,grid,50,346.46979473999994,320.02006758000005,373.6389166
227,1e-05,0.97,0.2,0,1024,0.97,not randomized,MlpPolicy,mlp,grid,50,314.3790094,206.13323352000003,183.70789148
228,1e-05,0.97,0.2,0,2048,0.95,not randomized,MlpPolicy,mlp,grid,50,385.54488606,428.87685218000007,307.70741802000003
229,1e-05,0.97,0.2,0,2048,0.96,not randomized,MlpPolicy,mlp,grid,50,173.89039730000002,179.48956421999995,250.13616994
230,1e-05,0.97,0.2,0,2048,0.97,not randomized,MlpPolicy,mlp,grid,50,259.46496496,388.55007543999994,313.30297903999997
231,1e-05,0.97,0.2,0,4096,0.95,not randomized,MlpPolicy,mlp,grid,50,183.28706365999997,188.17849858000002,176.47139186
232,1e-05,0.97,0.2,0,4096,0.96,not randomized,MlpPolicy,mlp,grid,50,289.82351056,459.14272704,558.43972426
233,1e-05,0.97,0.2,0,4096,0.97,not randomized,MlpPolicy,mlp,grid,50,275.33936042,194.66005408,185.80830058
234,1e-05,0.97,0.3,0,1024,0.95,not randomized,MlpPolicy,mlp,grid,50,271.94354431999994,329.07971738,364.00031373999997
235,1e-05,0.97,0.3,0,1024,0.96,not randomized,MlpPolicy,mlp,grid,50,318.17879494,204.85730878,358.63211311999993
236,1e-05,0.97,0.3,0,1024,0.97,not randomized,MlpPolicy,mlp,grid,50,405.11967905999995,283.84425698,239.55165806000002
237,1e-05,0.97,0.3,0,2048,0.95,not randomized,MlpPolicy,mlp,grid,50,325.47733448,428.16171946000003,195.90787518000002
238,1e-05,0.97,0.3,0,2048,0.96,not randomized,MlpPolicy,mlp,grid,50,360.76204021999996,475.72533341999997,184.6411211
239,1e-05,0.97,0.3,0,2048,0.97,not randomized,MlpPolicy,mlp,grid,50,180.54701996,185.21874758000004,383.87951424
240,1e-05,0.97,0.3,0,4096,0.95,not randomized,MlpPolicy,mlp,grid,50,225.59359953999996,309.13828316,402.20628023999996
241,1e-05,0.97,0.3,0,4096,0.96,not randomized,MlpPolicy,mlp,grid,50,266.62100196,297.80428766,411.91072554000004
242,1e-05,0.97,0.3,0,4096,0.97,not randomized,MlpPolicy,mlp,grid,50,249.89987159999998,374.90879171999995,195.39550292
243,1e-05,0.98,0.1,0,1024,0.95,not randomized,MlpPolicy,mlp,grid,50,325.7931674000001,411.87099016,191.54975874
244,1e-05,0.98,0.1,0,1024,0.96,not randomized,MlpPolicy,mlp,grid,50,177.21365672,179.31393482,187.3080954
245,1e-05,0.98,0.1,0,1024,0.97,not randomized,MlpPolicy,mlp,grid,50,180.07036741999997,184.07278362,354.05202555999995
246,1e-05,0.98,0.1,0,2048,0.95,not randomized,MlpPolicy,mlp,grid,50,327.85202993999997,322.17350496,313.14677214000005
247,1e-05,0.98,0.1,0,2048,0.96,not randomized,MlpPolicy,mlp,grid,50,392.78693721999997,504.0565057,199.2151961
248,1e-05,0.98,0.1,0,2048,0.97,not randomized,MlpPolicy,mlp,grid,50,180.79400657999997,184.71688262000004,192.49626766
249,1e-05,0.98,0.1,0,4096,0.95,not randomized,MlpPolicy,mlp,grid,50,326.34569884000007,415.25415156,202.51947084
250,1e-05,0.98,0.1,0,4096,0.96,not randomized,MlpPolicy,mlp,grid,50,176.62697087999996,453.8872567,392.93725632
251,1e-05,0.98,0.1,0,4096,0.97,not randomized,MlpPolicy,mlp,grid,50,277.59690312,403.3660299399999,330.43548910000004
252,1e-05,0.98,0.2,0,1024,0.95,not randomized,MlpPolicy,mlp,grid,50,421.50676877999996,407.33193631999995,191.70553798
253,1e-05,0.98,0.2,0,1024,0.96,not randomized,MlpPolicy,mlp,grid,50,324.85839788,417.13096515999996,528.4421897999999
254,1e-05,0.98,0.2,0,1024,0.97,not randomized,MlpPolicy,mlp,grid,50,190.28916764000002,194.73924336,217.80622512
255,1e-05,0.98,0.2,0,2048,0.95,not randomized,MlpPolicy,mlp,grid,50,311.48433288,461.66712788000007,414.9421124400001
256,1e-05,0.98,0.2,0,2048,0.96,not randomized,MlpPolicy,mlp,grid,50,621.4434999399999,638.36859888,439.87691628
257,1e-05,0.98,0.2,0,2048,0.97,not randomized,MlpPolicy,mlp,grid,50,369.04813751999995,420.97458145999997,300.4402644
258,1e-05,0.98,0.2,0,4096,0.95,not randomized,MlpPolicy,mlp,grid,50,390.61399847999996,456.50154369999996,179.45483086000002
259,1e-05,0.98,0.2,0,4096,0.96,not randomized,MlpPolicy,mlp,grid,50,183.11689414,188.56345700000006,193.10842133999998
260,1e-05,0.98,0.2,0,4096,0.97,not randomized,MlpPolicy,mlp,grid,50,278.7376815,253.78805640000002,644.18650534
261,1e-05,0.98,0.3,0,1024,0.95,not randomized,MlpPolicy,mlp,grid,50,266.65729654,194.47060316,410.32493947999995
262,1e-05,0.98,0.3,0,1024,0.96,not randomized,MlpPolicy,mlp,grid,50,255.09262376000007,440.8688996200001,232.33746695999997
263,1e-05,0.98,0.3,0,1024,0.97,not randomized,MlpPolicy,mlp,grid,50,175.28724576000002,211.20446990000005,578.1661652800001
264,1e-05,0.98,0.3,0,2048,0.95,not randomized,MlpPolicy,mlp,grid,50,186.09922877999998,191.24048582,198.01090077999993
265,1e-05,0.98,0.3,0,2048,0.96,not randomized,MlpPolicy,mlp,grid,50,255.31864872000003,273.72353512,189.29245876000002
266,1e-05,0.98,0.3,0,2048,0.97,not randomized,MlpPolicy,mlp,grid,50,186.57357234,191.89768312,563.24985936
267,1e-05,0.98,0.3,0,4096,0.95,not randomized,MlpPolicy,mlp,grid,50,382.63714866000004,444.28703384,360.26408646
268,1e-05,0.98,0.3,0,4096,0.96,not randomized,MlpPolicy,mlp,grid,50,294.41488048,408.41269152,310.04542576
269,1e-05,0.98,0.3,0,4096,0.97,not randomized,MlpPolicy,mlp,grid,50,381.94419782,522.98954654,188.74920676000005
270,1e-05,0.99,0.1,0,1024,0.95,not randomized,MlpPolicy,mlp,grid,50,250.20686550000002,344.9923237,189.37654150000003
271,1e-05,0.99,0.1,0,1024,0.96,not randomized,MlpPolicy,mlp,grid,50,192.85056318,197.19556742,402.28105158
272,1e-05,0.99,0.1,0,1024,0.97,not randomized,MlpPolicy,mlp,grid,50,413.0156744000001,373.89726804000003,343.00636876
273,1e-05,0.99,0.1,0,2048,0.95,not randomized,MlpPolicy,mlp,grid,50,401.67650151999993,430.71773814000005,209.28218176000001
274,1e-05,0.99,0.1,0,2048,0.96,not randomized,MlpPolicy,mlp,grid,50,386.63516919999995,288.54545337999997,254.97231380000002
275,1e-05,0.99,0.1,0,2048,0.97,not randomized,MlpPolicy,mlp,grid,50,249.27383892,241.10630156,192.13539574000004
276,1e-05,0.99,0.1,0,4096,0.95,not randomized,MlpPolicy,mlp,grid,50,191.47106132000002,195.96228521999998,459.26561286
277,1e-05,0.99,0.1,0,4096,0.96,not randomized,MlpPolicy,mlp,grid,50,189.84119238000002,194.21867052000002,206.82612561999997
278,1e-05,0.99,0.1,0,4096,0.97,not randomized,MlpPolicy,mlp,grid,50,196.64087682000002,201.08833650000005,208.24401092000005
279,1e-05,0.99,0.2,0,1024,0.95,not randomized,MlpPolicy,mlp,grid,50,184.70900138000005,189.55819418000002,347.97752855999994
280,1e-05,0.99,0.2,0,1024,0.96,not randomized,MlpPolicy,mlp,grid,50,326.4246501,411.85144284,299.84557836
281,1e-05,0.99,0.2,0,1024,0.97,not randomized,MlpPolicy,mlp,grid,50,192.59442518,197.5785418,322.86232141999994
282,1e-05,0.99,0.2,0,2048,0.95,not randomized,MlpPolicy,mlp,grid,50,515.44872834,304.07887600000004,486.9509135
283,1e-05,0.99,0.2,0,2048,0.96,not randomized,MlpPolicy,mlp,grid,50,420.50333194,522.4821722,200.90328628
284,1e-05,0.99,0.2,0,2048,0.97,not randomized,MlpPolicy,mlp,grid,50,428.45771772,379.47985,396.04658524000007
285,1e-05,0.99,0.2,0,4096,0.95,not randomized,MlpPolicy,mlp,grid,50,234.35111132000003,223.50927056,289.40534094000003
286,1e-05,0.99,0.2,0,4096,0.96,not randomized,MlpPolicy,mlp,grid,50,416.28369682000005,354.5993969600001,277.66859533999997
287,1e-05,0.99,0.2,0,4096,0.97,not randomized,MlpPolicy,mlp,grid,50,379.00289514,350.34462718000003,201.89355204
288,1e-05,0.99,0.3,0,1024,0.95,not randomized,MlpPolicy,mlp,grid,50,451.43775170000004,511.10600588,294.09712964
289,1e-05,0.99,0.3,0,1024,0.96,not randomized,MlpPolicy,mlp,grid,50,271.78415837999995,412.4176409199999,200.93006653999998
290,1e-05,0.99,0.3,0,1024,0.97,not randomized,MlpPolicy,mlp,grid,50,447.548989,393.41240636000003,207.0227606
291,1e-05,0.99,0.3,0,2048,0.95,not randomized,MlpPolicy,mlp,grid,50,462.59795174,399.3630744799999,374.15300890000003
292,1e-05,0.99,0.3,0,2048,0.96,not randomized,MlpPolicy,mlp,grid,50,439.53195395999995,514.7607229399999,512.44960848
293,1e-05,0.99,0.3,0,2048,0.97,not randomized,MlpPolicy,mlp,grid,50,349.99336303999996,398.65883885999995,339.48888666
294,1e-05,0.99,0.3,0,4096,0.95,not randomized,MlpPolicy,mlp,grid,50,318.72499704,334.80513724,416.49613777999997
295,1e-05,0.99,0.3,0,4096,0.96,not randomized,MlpPolicy,mlp,grid,50,199.34200246,204.80155022,205.51801491999998
296,1e-05,0.99,0.3,0,4096,0.97,not randomized,MlpPolicy,mlp,grid,50,304.3895759,307.68968694,234.86928769999997
297,1e-05,1.0,0.1,0,1024,0.95,not randomized,MlpPolicy,mlp,grid,50,323.76955544,384.96524496000006,192.07451672
298,1e-05,1.0,0.1,0,1024,0.96,not randomized,MlpPolicy,mlp,grid,50,643.1702946400001,436.3886474800001,201.07275421999998
299,1e-05,1.0,0.1,0,1024,0.97,not randomized,MlpPolicy,mlp,grid,50,240.98863146,261.14771064,221.75061132000002
300,1e-05,1.0,0.1,0,2048,0.95,not randomized,MlpPolicy,mlp,grid,50,435.33122297999995,448.777613,197.9992534
301,1e-05,1.0,0.1,0,2048,0.96,not randomized,MlpPolicy,mlp,grid,50,417.3793052200001,417.7472219,294.01525324
302,1e-05,1.0,0.1,0,2048,0.97,not randomized,MlpPolicy,mlp,grid,50,347.33275285999997,347.44451218,346.97831326
303,1e-05,1.0,0.1,0,4096,0.95,not randomized,MlpPolicy,mlp,grid,50,280.07808115999995,301.34667900000005,207.76736632000004
304,1e-05,1.0,0.1,0,4096,0.96,not randomized,MlpPolicy,mlp,grid,50,363.02596258,373.28701540000003,210.85294646
305,1e-05,1.0,0.1,0,4096,0.97,not randomized,MlpPolicy,mlp,grid,50,255.01077546,251.89423646000003,372.59817150000003
306,1e-05,1.0,0.2,0,1024,0.95,not randomized,MlpPolicy,mlp,grid,50,506.4067159600001,526.5425562199999,437.83860908
307,1e-05,1.0,0.2,0,1024,0.96,not randomized,MlpPolicy,mlp,grid,50,259.84149524000003,266.42477615999996,492.83197894000006
308,1e-05,1.0,0.2,0,1024,0.97,not randomized,MlpPolicy,mlp,grid,50,199.73276076,203.82889349999996,195.49200394000002
309,1e-05,1.0,0.2,0,2048,0.95,not randomized,MlpPolicy,mlp,grid,50,473.52079724,480.67738712,333.43837439999993
310,1e-05,1.0,0.2,0,2048,0.96,not randomized,MlpPolicy,mlp,grid,50,200.48322644,205.35394044,205.96671874
311,1e-05,1.0,0.2,0,2048,0.97,not randomized,MlpPolicy,mlp,grid,50,365.13911182000004,357.58936808,202.39389328000001
312,1e-05,1.0,0.2,0,4096,0.95,not randomized,MlpPolicy,mlp,grid,50,182.48459643999996,183.95619788,187.82386517999998
313,1e-05,1.0,0.2,0,4096,0.96,not randomized,MlpPolicy,mlp,grid,50,386.30168486,399.04641708,322.71821466
314,1e-05,1.0,0.2,0,4096,0.97,not randomized,MlpPolicy,mlp,grid,50,334.29315138,328.97158776,220.42406684000002
315,1e-05,1.0,0.3,0,1024,0.95,not randomized,MlpPolicy,mlp,grid,50,610.4021162,659.3086895399999,413.6339064200001
316,1e-05,1.0,0.3,0,1024,0.96,not randomized,MlpPolicy,mlp,grid,50,205.08339594,209.67925269999995,206.37134622000002
317,1e-05,1.0,0.3,0,1024,0.97,not randomized,MlpPolicy,mlp,grid,50,305.83076132,311.3224889,211.49570867999998
318,1e-05,1.0,0.3,0,2048,0.95,not randomized,MlpPolicy,mlp,grid,50,188.71355754,191.21126059999997,357.6117788799999
319,1e-05,1.0,0.3,0,2048,0.96,not randomized,MlpPolicy,mlp,grid,50,192.72550536000003,197.73337174,214.13185416
320,1e-05,1.0,0.3,0,2048,0.97,not randomized,MlpPolicy,mlp,grid,50,344.01405423999995,346.66980496,221.58803696000004
321,1e-05,1.0,0.3,0,4096,0.95,not randomized,MlpPolicy,mlp,grid,50,202.54555914,208.08014535999996,484.68233014
322,1e-05,1.0,0.3,0,4096,0.96,not randomized,MlpPolicy,mlp,grid,50,192.45899031999997,196.83913568,274.96783858
323,1e-05,1.0,0.3,0,4096,0.97,not randomized,MlpPolicy,mlp,grid,50,207.66776133999997,211.30901034,341.5766357000001
